Time window,Label,Gx: Average,Gy: Average,Gz: Average,Ax: Average,Ay: Average,Az: Average,Gx: Standard deviation,Gy: Standard deviation,Gz: Standard deviation,Ax: Standard deviation,Ay: Standard deviation,Az: Standard deviation,Gx.1:FFT,Gx.2:FFT,Gx.3:FFT,Gy.1:FFT,Gy.2:FFT,Gy.3:FFT,Gz.1:FFT,Gz.2:FFT,Gz.3:FFT,Ax.1:FFT,Ax.2:FFT,Ax.3:fft,Ay.1:FFT,Ay.2:FFT,Ay.3:FFT,Az.1:FFT,Az.2:FFT,Az.3:FFT
4:46:08 PM,Eat,-32.1376,1178.339,329.3394,11148.34,-5621.02,-7607.69,863.8377,1772.509,830.0633,962.1097,558.2429,529.4696,85.28,627.8613564,617.3067697,2526.56,1834.937508,743.1096549,6.91E+02,7.73E+02,3.58E+02,2.50E+04,3.86E+02,2.28E+02,1.69E+04,2.76E+02,3.98E+02,1.69E+04,2.76E+02,3.98E+02
4:46:09 PM,Eat,27.13514,-595.279,42.22523,11184.75,-5726.94,-7554.86,1375.549,1944.596,934.8198,902.7351,974.415,960.423,81.7,332.7232445,422.1626429,1608.72,343.5166786,1052.038665,32.92,289.6816905,467.1015157,2.50E+04,1.53E+02,1.28E+02,1.29E+04,4.76E+02,2.02E+02,1.69E+04,2.76E+02,3.98E+02
4:46:10 PM,Eat,455.5268,-271.714,149.8393,11437.73,-6413.04,-6707.31,1349.78,2301.728,784.027,816.8305,881.3214,779.1999,975.2,315.4402092,222.4796753,368.98,396.2323451,588.5692746,408.46,58.94521478,48.65835075,2.57E+04,2.68E+02,1.65E+02,1.44E+04,1.76E+02,5.22E+02,1.50E+04,5.27E+02,4.48E+02
4:46:11 PM,Eat,125,128.4234,201.2252,11531.87,-6622.73,-6493.92,1080.697,1592.215,467.7086,658.3625,938.3876,549.2367,232.2,786.2697123,751.6749448,293.38,373.2301137,489.575106,436,375.0135502,257.007808,2.59E+04,1.19E+02,2.29E+02,1.50E+04,2.71E+02,2.49E+02,1.46E+04,2.86E+02,8.71E+01
4:46:12 PM,Eat,-63.9204,-64.5487,-11.9292,11515.86,-6716.11,-6370.91,935.6827,1600.063,567.7672,807.7772,877.646,642.1037,115.18,395.8852877,708.4688584,98.66,305.195192,517.9038676,54.5,392.9580757,232.7137663,2.62E+04,2.47E+02,4.61E+02,1.50E+04,2.31E+02,1.66E+02,1.44E+04,1.45E+02,4.33E+02
4:46:13 PM,Eat,-237.766,77.74775,-45.1441,11385.45,-6237.86,-6856.59,531.0887,1266.545,524.8403,517.2838,395.5579,449.0542,492.7,122.6558873,267.9079219,184,746.3158809,783.0386635,1.26E+01,1.72E+02,3.39E+02,2.56E+04,1.03E+02,1.02E+02,1.41E+04,7.02E+01,1.77E+02,1.55E+04,3.68E+02,2.52E+02
4:46:14 PM,Eat,38.86607,-174.536,155.4911,11224.8,-6479.04,-6961.19,578.9636,1067.541,631.3457,546.7487,392.0626,474.6528,44.44,150.3796001,164.2582634,672.34,893.6738691,432.9187372,306.04,458.8284921,285.2611806,2.54E+04,2.06E+02,3.50E+02,1.47E+04,1.81E+02,7.10E+01,1.57E+04,1.37E+02,4.19E+02
4:46:15 PM,Eat,85.90991,-118.27,-57.0631,11313.42,-6514.08,-6853.77,961.1162,1472.794,596.0019,810.7397,515.1801,404.3357,277.58,220.8023206,415.2348461,1.11E+02,9.22E+02,6.59E+02,79.82,319.7531963,150.5223003,2.57E+04,3.34E+02,2.93E+02,1.46E+04,2.41E+02,1.32E+02,1.56E+04,7.63E+01,1.96E+02
4:46:16 PM,Eat,425.211,561.4128,397.9358,11400.8,-6499.26,-6783.67,895.417,1107.361,502.3189,629.5537,445.3877,491.9676,894.6,461.1477353,709.6500574,1188.58,697.8128744,366.5955693,797.5,408.2167381,129.9282847,2.25E+04,7.32E+01,3.78E+02,1.30E+04,1.81E+02,1.20E+02,1.34E+04,1.27E+02,7.96E+01
4:47:58 PM,Eat,222.4886,402.2614,19.5,11794.1,-574.5,-8523.94,376.4991183,643.1048876,274.3076551,376.3627817,281.1845633,263.6214352,61.08,511.6302966,431.244955,1303.74,885.6511951,128.9355135,159.24,254.2906953,28.44117721,2.65E+04,1.52E+02,1.08E+02,1098.8,416.1862943,183.1713265,1.92E+04,1.54E+02,7.57E+01
4:47:59 PM,Eat,-96.6228,593.7105,274.8684,11726.59,100.4035,-8505.82,609.3923477,624.6906452,218.5466684,339.0375971,274.4245377,243.4907847,263.66,491.0357435,177.5042904,671.18,747.0703073,218.3190933,518.38,237.4950888,170.6813654,2.62E+04,1.50E+02,1.90E+02,411.66,157.4361357,102.9588412,1.89E+04,1.13E+02,9.75E+01
4:48:00 PM,Eat,111.1009,75.07339,125.4862,11782.54,236.156,-8427.66,326.49349,382.506783,187.3960262,208.6139236,208.4095049,218.1673338,50.36,39.65236366,190.7179029,4.31E+02,1.10E+02,1.05E+02,312.04,189.2918735,28.8420634,2.64E+04,1.05E+02,1.02E+02,606.26,206.8719136,130.7118596,1.89E+04,8.37E+01,1.75E+02
4:48:01 PM,Eat,-44.614,369.0614,-46.2719,11727.35,541.0526,-8482.4,426.8063644,306.9568384,168.9492402,278.8031622,355.1562249,173.1834016,26.28,391.7180503,207.039192,612.46,268.3409919,222.8837869,102.92,183.4200832,33.09150547,2.65E+04,2.24E+02,4.08E+01,1386.68,371.849995,204.075771,1.92E+04,1.18E+02,1.01E+02
4:48:02 PM,Eat,103.8246,46.42982,16.79825,11734.32,921.0526,-8507.35,269.6152698,321.564042,141.7838427,177.1862924,209.5020579,130.4124826,252.16,261.2678536,124.8216573,39.72,355.0004263,28.31234619,16.68,44.06883033,103.7588843,2.65E+04,5.98E+01,3.55E+01,2202.06,96.7531168,78.6722654,1.91E+04,6.55E+01,3.16E+01
4:48:03 PM,Eat,89.65789,5.491228,83.9386,11747.23,1022.93,-8421.49,204.8095091,203.9385317,118.388014,117.9984277,224.4900108,120.8192716,143.36,144.3954471,99.73224489,76.76,88.69059431,56.94145254,158.3,62.9975227,51.90364653,2.65E+04,4.72E+01,4.87E+01,2.34E+03,1.65E+02,1.53E+02,1.91E+04,7.28E+01,9.55E+01
4:48:04 PM,Eat,74.29204,1.345133,41.18584,11754.52,1016.274,-8447.95,276.2233401,148.1624814,168.0491822,165.6744386,216.8608115,150.8120188,1.43E+02,1.87E+02,1.13E+02,113.82,144.3147038,49.94048556,167.62,178.4410002,95.29620022,2.66E+04,6.69E+01,1.22E+02,2.23E+03,1.71E+02,1.10E+02,1.91E+04,1.48E+02,6.84E+01
4:48:05 PM,Eat,66.32174,37.92174,89.25217,11784.19,945.7304,-8380.4,268.0954775,204.6049316,151.4934915,175.5387644,198.7591473,160.2679117,200.32,224.4517232,126.4183065,28.2,137.2699921,22.01590992,104.76,132.1549233,92.84001077,2.67E+04,7.04E+01,2.32E+01,2068.88,204.9282276,70.03298136,1.89E+04,1.32E+02,6.02E+01
4:48:06 PM,Eat,89.40909,20,51.16364,11832.32,913.2909,-8373.66,210.251326,186.7071003,137.5489589,151.7510595,210.6963703,110.7196043,123.24,128.3084148,128.0507131,70.16,98.27713892,101.6128219,146.2,83.47700411,93.35010033,2.34E+04,4.03E+01,4.17E+01,1.89E+03,1.61E+02,1.44E+02,1.65E+04,5.78E+01,6.99E+01
4:48:07 PM,Eat,-37.5,-116.875,63.375,11834.88,1080.125,-8274.88,37.08291867,88.51382055,54.55780028,42.38408563,169.7640695,53.74393654,1.67E+01,4.39E+02,4.22E+02,579.74,325.4096345,770.2340604,13.1,96.52143776,132.5582829,2.63E+04,3.55E+01,4.01E+02,1.64E+04,1.53E+02,3.06E+02,1.22E+04,1.81E+02,3.69E+01
4:49:47 PM,Eat,1575.333,-394.667,-8,11951.67,-7370,-5392,157.2969591,604.1194694,182.1071113,386.8246804,294.4486373,0,381.58,324.4789025,198.0671915,295.98,531.7555357,654.4933503,66.94,364.8201248,89.90939308,2.61E+04,1.67E+02,3.10E+02,1.59E+04,1.66E+02,2.25E+02,1.30E+04,2.24E+02,4.24E+02
4:49:48 PM,Eat,-41.125,-156.598,29.27679,11721.19,-7281.53,-5446.67,743.5671283,1684.570389,512.9278124,569.4066697,667.5117296,659.1277254,4.72E+02,1.29E+02,3.21E+02,800.62,92.57677496,315.4186162,423.1,353.6489038,134.0135095,2.61E+04,1.48E+02,4.27E+01,1.56E+04,1.17E+02,6.55E+01,1.32E+04,2.74E+02,1.48E+02
4:49:49 PM,Eat,-172.18,95.45946,-53.4414,11683.2,-7109.65,-5804.95,526.8036584,1546.30502,656.8626906,585.2535708,626.3314349,513.931396,373.7,194.7321745,235.8237209,332.46,377.0593689,359.2978359,403.8,270.1749083,144.4140535,2.58E+04,3.41E+02,2.72E+02,1.66E+04,1.51E+02,1.88E+02,1.33E+04,1.67E+02,3.80E+01
4:49:50 PM,Eat,197.8761,368.9912,205.2124,11620.76,-6981.58,-5890.44,581.3659582,1663.075268,619.8660491,638.9223946,526.6363907,607.3900097,174.18,263.8355706,261.8972197,10.2,459.886763,189.3628915,79.06,347.4261086,332.4823102,2.59E+04,1.78E+02,1.54E+02,1.63E+04,7.02E+01,2.16E+02,1.37E+04,1.51E+02,2.05E+02
4:49:51 PM,Eat,-173.018,-223.793,156.9279,11428.06,-7336.56,-5904.39,546.9558729,1490.988068,515.4550807,558.3311868,657.1688822,392.7829882,469.8,130.1409798,165.2539371,311.94,268.8747289,226.1265104,256.98,135.9993447,191.1259296,2.59E+04,1.18E+02,3.28E+01,1.64E+04,2.05E+02,9.05E+01,1.36E+04,7.68E+01,1.36E+02
4:49:52 PM,Eat,104.3894,29.95575,50.42478,11427.43,-7227.48,-6038.04,791.1906312,1887.831099,813.9181119,614.1489157,721.7131788,647.82653,250.16,512.9936574,418.1512917,704.74,864.6889164,130.9285273,356.68,856.7251015,276.7149801,2.57E+04,1.58E+02,4.89E+02,1.52E+04,1.34E+02,1.53E+02,1.46E+04,9.02E+01,3.12E+02
4:49:53 PM,Eat,-243.445,-180.145,-130.182,11449.22,-7257.19,-6030.99,667.1505695,1473.937047,698.03085,542.2860104,484.9668767,735.2501477,122.28,150.8888369,468.5125814,1039.5,88.93812651,211.9007666,64,249.3524819,370.9725969,2.59E+04,6.63E+01,1.65E+02,1.58E+04,2.96E+02,2.54E+02,1.43E+04,6.69E+01,4.38E+02
4:49:54 PM,Eat,130.0357,284.2679,149.7946,11385.78,-6717.85,-6450.79,621.0985897,1055.520366,765.3409314,709.0778012,383.2806045,501.26378,790.08,45.78764187,693.9648566,1101.76,265.5159369,516.8038357,246.42,335.7164973,311.8791488,2.26E+04,1.55E+02,1.56E+02,1.33E+04,2.77E+02,2.89E+02,1.29E+04,2.34E+02,4.75E+02
4:49:55 PM,Eat,-77.3458,-345.449,-9.57944,11416.63,-6989.75,-6352.29,941.954102,1451.504699,730.9819325,605.8354208,551.2049424,570.4763155,714.28,580.9030578,821.1524106,68.86,287.0817171,83.66595732,221.38,445.3919477,373.1683992,5470.74,319.5050277,243.1455716,1.71E+04,2.15E+02,1.60E+02,2.75E+04,1.23E+02,5.80E+01
4:49:56 PM,Eat,-369.682,407.8037,-128.019,11450.06,-6753.98,-6518.68,826.9187019,1340.762107,660.1158415,443.4282361,514.7839624,724.86235,2.30E+00,8.27E+02,2.10E+02,28.94,335.0519557,529.8738449,296.1,207.9912443,846.7511772,4.18E+03,3.23E+02,4.90E+02,1.68E+04,3.92E+02,3.77E+02,2.79E+04,7.63E+01,5.31E+02
7:45:00 AM,Eat,-242.429,117.7143,-469.429,2084.429,-7623,-12138.3,187.3880618,111.4894827,470.6183369,165.0877112,105.8694164,244.9644289,4.10E+02,7.97E+02,9.88E+02,1.09E+03,6.06E+02,6.46E+02,406.7,457.5505989,652.4374812,3.23E+03,1.61E+02,1.66E+02,1.54E+04,4.55E+02,4.84E+02,2.86E+04,1.39E+02,7.83E+02
7:45:01 AM,Eat,-248.894,34.9469,185.2832,2366.46,-7559.67,-12366,975.4330939,583.9833327,809.6337848,796.9313247,918.5572776,835.8898806,965.12,176.1829958,723.296144,726.58,137.5806054,332.8458108,877.92,650.8530231,76.19306494,4.30E+03,5.64E+02,3.81E+02,1.57E+04,6.45E+02,3.20E+02,2.87E+04,1.51E+02,1.41E+02
7:45:02 AM,Eat,-4.39286,64.66964,97.09821,1921.143,-7535.74,-12359.6,1243.907519,668.9131212,856.4983285,631.3180529,612.8519323,739.2528412,304.12,510.4954394,986.1632166,68.68,96.62400538,611.4770654,106.86,950.1362274,357.4573303,5346.34,351.0246749,1164.893169,1.68E+04,1.59E+02,6.71E+02,2.79E+04,1.66E+02,3.50E+02
7:45:03 AM,Eat,171.5965,460.6754,315.8158,1473.632,-6843.46,-12815.5,1181.350725,645.1890646,1088.684353,872.4326204,595.117868,699.21996,993.34,435.6435746,428.7310565,631.42,589.8284315,86.3864923,197.2,421.9557329,812.3143264,4087.72,260.6609631,339.0638404,1.66E+04,3.93E+02,4.25E+02,2.83E+04,2.51E+02,2.43E+02
7:45:04 AM,Eat,338.4286,-350.42,218.4554,1979.661,-6930.62,-12684.1,1015.444266,443.4044102,1011.944608,1078.419185,678.5428246,700.9266176,262.48,511.2121872,1291.518642,447.3,124.9899442,1069.405614,25.86,358.4461335,519.7898705,3212.98,178.6170884,215.0846112,1.59E+04,1.40E+02,4.24E+02,2.88E+04,2.78E+02,6.26E+02
7:45:05 AM,Eat,13.30088,4.522124,150.1416,2286.938,-7485.19,-12313.3,1232.762772,683.7474876,1326.357828,1432.69188,665.1014497,762.5508036,237.02,194.3350251,445.42674,44.22,240.4265173,189.8065442,170.48,408.4528151,638.974619,3.60E+03,2.86E+02,1.70E+03,1.67E+04,1.38E+02,7.29E+01,2.83E+04,6.10E+01,2.22E+02
7:45:06 AM,Eat,-566.673,355.7364,-9.72727,1754.8,-7330.82,-12561.2,928.9100855,803.596111,830.6686254,633.8691267,895.1856574,927.738062,635.78,266.4940591,15.74644821,168.1,369.440609,343.174221,718.68,454.1690802,361.9158214,3.65E+03,1.93E+02,7.43E+02,1.47E+04,1.70E+02,8.44E+01,2.48E+04,2.50E+02,1.94E+02
7:45:07 AM,Eat,143.0185,-268.537,-4.99074,1431.278,-7015.44,-12761.2,1400.574368,726.9055837,1062.908068,795.3861794,385.4466343,708.4274603,294.34,254.2504086,391.3136566,116.64,113.310233,71.69410476,1383.92,482.8053728,146.3558408,9.72E+03,2.34E+02,3.37E+02,1793.44,108.8235582,43.03460568,3.05E+04,1.33E+02,7.65E+01
7:45:08 AM,Eat,109.4955,17.58559,-89.045,1596.387,-7381.18,-12532.1,973.8747248,560.9807559,817.6920779,724.8663723,510.2778779,604.2646373,8.08,66.41223859,149.9271219,6.76E+02,2.08E+02,9.90E+01,164.06,223.528995,131.4490536,9.33E+03,6.25E+01,8.50E+01,2.66E+03,1.80E+02,1.19E+02,3.07E+04,1.05E+02,4.54E+01
7:45:09 AM,Eat,311.05,-85.33,369.56,1840.14,-7441.97,-12525.3,882.8540195,501.7809505,673.974527,555.4615156,568.4411869,779.9498023,301.1,100.9196471,43.27298021,83.96,91.7092658,90.50173193,155.56,137.6089074,76.49288896,9.69E+03,1.20E+02,1.28E+02,3.25E+03,1.08E+02,1.18E+02,3.04E+04,2.84E+01,8.64E+01
7:46:51 AM,Eat,-143.255,-62.2128,-685.798,4387.681,-13596.4,784.3936,376.0155549,162.4822156,368.3675578,282.4297881,142.3103694,169.1193012,172.06,29.62007803,69.57565707,52.56,110.9820189,63.32319532,56.92,99.21196688,122.9539368,9.98E+03,2.20E+01,3.69E+01,3.28E+03,5.85E+01,1.01E+02,3.08E+04,5.94E+01,2.53E+01
7:46:52 AM,Eat,-27.9655,279.3448,5.974138,4160.94,-13704.2,1127.483,117.8269867,228.8511612,260.9958341,90.71324037,135.9122424,236.4259782,2.28E+02,1.05E+02,6.05E+01,208.64,186.269468,82.57540326,147.26,130.0476971,49.53027743,1.03E+04,3.75E+01,6.49E+01,3.31E+03,1.20E+02,6.99E+01,3.06E+04,9.59E+01,2.02E+01
7:46:53 AM,Eat,126.5614,51.27193,81.64035,4290.518,-13613.6,1455.781,173.1159535,167.8082178,202.4974217,182.0769667,162.7275653,182.6410358,153.54,91.44193548,43.33462505,1.84,131.791386,50.18079518,97.5,139.2111097,90.46389649,1.04E+04,4.90E+01,2.99E+01,3.36E+03,1.04E+02,7.27E+01,3.06E+04,6.34E+01,8.14E+01
7:46:54 AM,Eat,106.7043,22.44348,20.88696,4406.774,-13612.6,1410.913,119.6884093,106.2711024,179.0043009,109.7501198,120.9766322,142.3213294,152.12,36.20414749,29.86160333,93.68,69.46604802,40.9094638,87.4,113.5002035,65.29944898,1.05E+04,5.32E+01,1.89E+01,3.35E+03,9.15E+01,8.52E+01,3.06E+04,5.44E+01,8.92E+01
7:46:55 AM,Eat,92.43363,91.22124,60.70796,4540.894,-13543.2,1475.841,121.1182182,168.2448648,145.2396838,96.05814486,143.4347924,177.9318974,146.84,106.3446457,64.30032506,127.02,161.5292117,53.1457573,198.6,142.6967288,64.63077009,1.06E+04,6.25E+01,2.55E+01,3.34E+03,1.10E+02,1.01E+02,3.05E+04,4.46E+01,1.01E+02
7:46:56 AM,Eat,67.48276,-9.13793,54.7931,4595.733,-13526.2,1489.759,101.6348522,129.6049447,162.4944423,91.14435352,118.0564549,148.178953,103.38,34.15391557,73.39082753,70.62,109.9790836,39.53553047,170.72,132.1828592,137.6151944,9.38E+03,1.41E+01,7.74E+01,2.98E+03,1.01E+02,2.03E+01,2.67E+04,6.60E+01,6.59E+01
7:46:57 AM,Eat,66.04425,45.72566,41.28319,4642.088,-13517.4,1480.673,91.69800876,128.0569243,164.8348453,81.96542798,114.0982143,142.4649984,291.32,172.1002426,583.1758227,36.76,301.7783659,191.8417353,160.02,341.3221872,430.2749333,4286.28,313.6930881,325.7744516,1.34E+04,1.71E+02,1.66E+02,2.95E+04,1.26E+02,3.12E+02
7:46:58 AM,Eat,68.53448,49.98276,83.65517,4686.974,-13504.3,1484.078,105.773378,159.2114253,161.5140378,88.38536778,112.587127,148.7048522,860.52,234.4563607,513.6723162,44.46,321.9184277,620.7025245,78.78,496.5734489,507.5857066,3699.78,406.5216003,388.2769109,1.38E+04,9.18E+01,3.93E+02,2.94E+04,1.99E+02,5.79E+02
7:46:59 AM,Eat,47.28155,43.82524,89.15534,4737.495,-13474.7,1504.311,100.2343741,165.1950972,187.5737636,87.2287812,152.2788791,168.654539,672.62,386.5991536,459.0916428,469.8,317.567334,491.1837103,289.08,480.2724945,1137.822971,3062.66,51.32152687,460.968069,1.38E+04,2.47E+02,3.94E+02,2.94E+04,1.56E+02,6.67E+02
11:38:12 AM,Eat,323.6491,96.64912,150.8421,2018.754,-5989.11,-13235.1,773.86081,380.487023,1419.865723,1055.214489,421.9390479,738.0689641,528.96,455.3027142,314.0408203,971.46,651.0152913,255.4986469,427.3,792.5466154,723.3847299,4616.36,276.9469489,580.2570809,1.40E+04,2.55E+02,2.39E+02,2.97E+04,5.19E+01,5.67E+02
11:38:13 AM,Eat,-143.584,-104.841,-54.3274,1889.327,-6054.28,-13108.7,675.1386462,473.2238704,1018.824134,786.3960226,379.5572249,722.0731547,160.18,977.6138607,571.750512,3.79E+02,5.49E+02,3.86E+02,4.59E+02,3.02E+02,2.01E+02,3610.2,531.0768483,251.5907555,1.35E+04,1.49E+02,3.79E+02,2.97E+04,2.01E+02,9.94E+01
11:38:14 AM,Eat,-44.9364,-7.79091,53.95455,1320.655,-6111.76,-13204.7,1215.267081,523.2460802,1479.995471,1087.374512,679.6980431,1189.894612,509,84.55891907,319.3279684,143.84,280.3172446,450.8075385,1263.14,504.6795943,1462.595048,3.86E+03,1.87E+02,1.42E+02,1.37E+04,1.42E+02,1.18E+02,2.97E+04,2.39E+02,5.48E+02
11:38:15 AM,Eat,298.6579,-29.3772,-18.4123,1578.202,-6334.3,-13076.5,903.702618,694.7725341,1233.462719,809.7415537,707.8145341,860.0988128,136.22,940.3871912,77.42773249,63.68,252.682415,770.9486862,490.76,358.8632417,843.0149093,3660.56,257.4377159,738.0138884,1.41E+04,1.19E+02,1.50E+02,2.96E+04,1.12E+02,4.17E+02
11:38:16 AM,Eat,-213.946,95.34821,274.7857,1824.696,-5891.45,-13139.4,1356.876772,751.7641439,920.0893457,1357.9371,685.1765188,612.172807,1157.94,117.1319287,264.6001156,271.18,121.9693948,531.5436612,180.82,472.0105266,724.8275118,2620.9,420.6176793,212.2757911,1.43E+04,1.04E+02,3.58E+02,2.96E+04,1.72E+02,7.06E+02
11:38:17 AM,Eat,264.0789,8.04386,265.2193,1831.281,-6075.84,-13149.4,878.7433419,500.732656,1108.389422,791.5121688,500.1843126,711.1816184,440.36,645.2784251,702.9916273,179.6,722.3149408,908.1681796,790.6,797.1841416,957.6767143,1200.6,468.7310492,163.4954847,1.32E+04,1.62E+02,4.69E+02,2.59E+04,3.84E+02,6.76E+02
21:14:42,Sleep,-69.82352941,-62.41176471,82.50980392,-14326.29412,6080.686275,-3067.784314,395.8095353,283.6779989,237.1752409,323.8820955,153.091148,172.1671645,73.94,151.4887227,173.7743376,64.92,129.4200113,109.1098689,79.94,142.5337773,92.9502926,1.49E+04,1.22E+02,1.69E+02,6.32E+03,6.98E+01,4.77E+01,3.19E+03,2.93E+01,8.56E+01
21:14:43,Sleep,49.02654867,61.7699115,51.05309735,-14398.26549,6024.575221,-2892.274336,270.4283131,405.3666993,248.1343905,218.4948111,217.4506022,168.9300493,103.38,185.4896623,221.9838353,149.54,212.065738,198.9484164,107.86,184.5184847,126.6508349,3.22E+04,1.32E+02,1.67E+02,1.35E+04,1.18E+02,1.69E+02,6.48E+03,1.20E+02,1.13E+02
21:14:44,Sleep,-11.00892857,111.1339286,42.16071429,-14336.19643,6055.830357,-2882.6875,270.95801,518.3439238,274.8801067,302.7371184,393.1129377,230.2044932,19.82,167.0955462,302.6438056,239.9,182.8936568,253.4992494,104.68,223.2667216,222.0716561,3.26E+04,8.00E+01,2.80E+02,1.36E+04,1.50E+02,1.94E+02,6.47E+03,6.07E+01,2.13E+02
21:14:45,Sleep,81.2300885,39.68141593,49.9380531,-14415.68142,6065.858407,-2768.442478,252.0646179,489.1143101,242.071576,278.2988908,222.0958556,210.2415251,181.5,162.3199995,60.67619644,86.08,149.8627837,165.3514886,116.7,107.9392736,278.8281646,3.21E+04,1.56E+02,1.79E+02,1.37E+04,9.05E+01,1.25E+02,6.25E+03,7.90E+01,1.96E+02
21:14:46,Sleep,34.57407407,89.93518519,68.0462963,-14411.21296,6086.916667,-2781.87037,345.9573255,434.0828611,200.3351577,281.4007702,239.5627296,194.7712818,90.12,312.9493766,241.1611325,206.58,251.3563695,386.2741287,137.78,64.91017372,75.78751623,3.11E+04,4.71E+01,2.56E+01,1.32E+04,1.23E+02,7.55E+01,6.00E+03,2.18E+02,7.68E+01
21:14:47,Sleep,37.07894737,65.48245614,33.07017544,-14416.70175,6065.026316,-2730,214.6122721,259.0147169,132.7739925,250.9014519,170.5559603,155.3612974,68.08,96.36910346,248.4063721,130.94,175.5805825,126.1067924,79.04,97.62473486,134.7685276,3.29E+04,1.44E+02,2.03E+02,1.38E+04,2.01E+02,1.35E+02,6.23E+03,8.24E+01,1.66E+02
21:14:48,Sleep,44.13392857,17.90178571,88.98214286,-14332.09821,6139.723214,-2785.241071,217.0550433,183.4578264,177.0882603,227.0615648,140.8757174,137.9851308,103.68,119.5298304,244.6769305,47.2,80.35076949,151.2327803,201.44,158.5810919,189.8527005,3.21E+04,1.99E+02,2.12E+02,1.38E+04,1.14E+02,1.47E+02,6.24E+03,9.61E+01,1.22E+02
21:14:49,Sleep,108.9646018,50.39823009,29.76106195,-14439.02655,6098.79646,-2759.176991,201.333276,138.4889462,209.3081833,227.9813377,168.0229661,135.4035127,247.26,197.9971492,190.5692859,111.86,95.7353227,126.4450341,57.62,147.0543157,243.3513525,3.26E+04,2.24E+02,2.24E+02,1.38E+04,9.60E+01,1.91E+02,6.23E+03,1.07E+02,1.32E+02
21:14:50,Sleep,8.790909091,-2.681818182,43.61818182,-14325.74545,6094.154545,-2837.672727,215.631528,161.1183354,213.5392872,254.0611945,179.6973596,146.1998198,17.16,164.7305012,245.0470465,2.22,91.98387237,108.2658298,107.8,127.2020009,274.4583282,3.15E+04,1.74E+02,2.64E+02,1.34E+04,8.23E+01,1.90E+02,6.25E+03,5.41E+01,1.75E+02
21:14:51,Sleep,58.84955752,23.44247788,86.99115044,-14383.18584,6106.911504,-2868.292035,265.2133313,170.0207938,228.6288124,250.2141779,172.7551714,146.7744675,141.76,110.2962701,309.5076708,59.58,63.4499617,113.260478,188.16,153.8374337,281.1768523,3.25E+04,1.38E+02,2.69E+02,1.38E+04,1.20E+02,1.84E+02,6.48E+03,8.04E+01,1.36E+02
21:14:52,Sleep,79.80357143,13.13392857,6.017857143,-14375.36607,6055.392857,-2870.919643,228.2562113,189.2927327,193.1910776,279.9983589,157.2388071,155.9405719,165.6,142.0119888,274.3052134,19.84,31.46897078,69.76377874,14.86,191.0708653,213.451259,3.22E+04,1.15E+02,2.94E+02,1.36E+04,1.09E+02,1.62E+02,6.43E+03,1.24E+02,1.20E+02
21:14:53,Sleep,19.01769912,-21.84955752,94.30088496,-14291.87611,6094.433628,-2962.902655,271.4890481,249.455379,212.9299384,248.52634,183.0538014,152.2898414,46.98,158.4997559,308.9615981,55.76,16.60266012,34.79935965,220.84,101.9238184,241.5772486,3.23E+04,1.71E+02,2.23E+02,1.38E+04,1.12E+02,1.78E+02,6.70E+03,1.23E+02,1.03E+02
21:14:54,Sleep,79.88495575,23,92.25663717,-14366.41593,6058.362832,-2984.00885,243.1842611,238.523434,235.084171,236.0338855,206.229677,135.4477031,188.82,187.8513397,305.0053494,57.56,52.67212215,56.49531062,198.98,138.7041922,272.6056361,3.25E+04,1.37E+02,2.72E+02,1.37E+04,7.65E+01,2.08E+02,6.74E+03,2.62E+01,1.34E+02
21:14:55,Sleep,-120.0973451,506.3274336,109.1681416,-14353.0708,6095.566372,-2972.40708,260.8781518,642.5548537,269.6102976,275.8537305,204.4281605,158.756813,274.34,314.4905641,218.2310977,1111.94,671.9029205,528.1613738,227.58,150.4419889,296.8234068,3.24E+04,1.08E+02,3.13E+02,1.38E+04,1.34E+02,1.73E+02,6.73E+03,8.04E+01,8.66E+01
21:14:56,Sleep,-3045.754545,365.7181818,5331.018182,-11949.84545,10067.88182,-583.0545455,2419.015526,2836.433984,3566.859014,2968.86553,3077.376509,1328.454326,6591.14,2075.426161,2488.104726,735.94,3617.247977,522.8451998,11867.46,4329.279106,994.9944774,3.24E+04,1.08E+02,3.13E+02,2.20E+04,3.49E+03,2.22E+03,1370.08,1139.253276,788.0425971
21:14:57,Sleep,674.5309735,1586.283186,-995.7522124,-7788.752212,14535.9823,4160.725664,6161.276214,3550.391516,4437.985922,1898.944427,2106.65419,1974.581345,1316.42,6398.671856,2789.997873,3572.84,4032.661078,50.81531577,2265.94,3198.579452,2067.189632,1.75E+04,1.14E+03,3.60E+02,3.28E+04,2.54E+02,1.56E+03,9300.5,1050.925986,946.6435628
21:14:58,Sleep,1051.535714,2442.321429,669.8928571,-8375.776786,13684.21429,6014.258929,4139.157855,6149.887189,5566.936237,3893.220531,1508.151362,2711.48956,2382.12,5456.760408,1731.513248,5475.8,5037.888153,6376.008693,1498.98,4554.957391,6878.637121,18717.04,3339.841368,1246.020678,3.07E+04,1.06E+03,1.10E+03,13431.18,2761.265484,1800.203589
21:14:59,Sleep,-903.7027027,48.7027027,136.2972973,-9038.387387,12464.74775,8146.333333,4210.656122,4221.040633,3444.265547,2303.904674,2053.745189,2243.390232,1885.28,4770.36889,2478.251445,116.72,3847.833125,1491.746509,209.46,816.1668733,1815.161279,20105.72,1405.017016,352.6113592,2.76E+04,1.05E+03,4.34E+02,1.82E+04,1.25E+03,1.20E+03
21:15:00,Sleep,271.0632911,960.2911392,-308.0632911,-7954.708861,11942.41772,10000.43038,2800.323733,3625.274834,2075.656735,1580.470622,1332.654875,2194.832052,349.96,395.9192937,1749.423951,1587.36,2030.346717,1370.686576,5.20E+02,8.56E+02,1.84E+03,12548.6,90.72454944,379.9091885,1.89E+04,1.19E+02,6.84E+02,15693.74,1016.626645,770.1829206
21:15:01,Sleep,419.920354,1100.823009,349.2035398,-8495.115044,11390.27434,10257.71681,3855.224839,2991.870429,2236.04087,2109.674339,1454.683632,1718.631113,990.68,5022.94277,1985.641379,2.52E+03,3.74E+03,2.01E+03,823.32,472.7692021,2140.152105,19233.02,2372.542554,868.9482618,2.58E+04,9.82E+02,5.77E+02,2.32E+04,5.02E+02,1.01E+03
21:15:02,Sleep,-750.972973,-1022.369369,481.0990991,-8727.09009,11438.15315,10207.65766,4514.431249,4484.977203,2346.383891,2190.409013,2134.325975,1975.360112,1587.68,5295.88211,2927.657135,2201.3,5690.21052,658.9294083,1067.58,1978.027693,636.8107385,19353.22,2018.398946,751.9249701,2.53E+04,1.61E+03,5.67E+02,2.27E+04,1.35E+03,1.23E+03
21:15:03,Sleep,-14.02702703,-159.2792793,-143.1711712,-7313.882883,11874.53153,9869.648649,4104.982836,4510.856289,2487.592256,2135.490545,1505.498962,2178.784593,181.22,4489.209779,2745.432618,496.44,5665.591416,3163.996609,275.12,1455.57045,2725.630138,1.63E+04,2.25E+03,1.48E+03,2.64E+04,1.68E+03,1.14E+03,2.19E+04,2.38E+03,1.47E+03
21:15:04,Sleep,127.2342342,1608.855856,827.2972973,-7272.828829,11891.73874,10675.14414,3439.2952,3187.221391,2396.010694,2166.022068,1864.848391,2084.965358,224.78,3422.303641,2341.424938,3587,2886.59809,1528.07074,1843.14,362.0059192,1867.914929,1.63E+04,1.98E+03,3.73E+02,2.64E+04,4.10E+02,9.95E+02,2.36E+04,6.06E+02,1.06E+03
21:15:05,Sleep,795.1315789,-1211.149123,-558.5789474,-8232.991228,11805.88596,10150.79825,4278.038411,3779.806132,2165.66928,1958.327024,1645.849297,2087.810557,2041.32,3975.207792,3442.475409,2608.1,4580.192475,2264.775384,1392.08,1497.97976,2192.199839,1.86E+04,3.29E+02,1.48E+03,2.69E+04,1.87E+03,1.05E+03,2.32E+04,2.29E+03,1.72E+03
21:15:06,Sleep,197.2072072,-2976.846847,-1070.036036,-8387.684685,12538.84685,8797.216216,3250.409893,3735.852095,2577.709857,1342.042792,1036.113272,1909.114533,185.44,1894.701099,2726.932521,6461.96,4862.817356,2309.01409,2203.5,2930.402678,1439.611464,18550.34,1601.252635,366.6864039,2.78E+04,5.67E+02,5.34E+02,19670.96,1589.369561,710.9216685
21:15:07,Sleep,1175.809091,-4323.654545,-1874.390909,-11911.73636,8437.227273,-4537.763636,3962.084162,5821.064079,2329.953376,1346.775358,2523.27491,3375.50956,2739.96,2008.150047,4886.780471,9766.48,6169.248462,4841.231518,4199.56,1903.778769,2084.082536,2.62E+04,8.73E+02,1.06E+03,18736.56,2442.132489,1237.44113,9786.18,4053.641081,2002.85607
21:15:08,Sleep,591.699115,1848.221239,-615.3097345,-13126.55752,6848.707965,-5073.017699,1422.372621,1597.896641,1773.093131,799.3562247,765.3035192,721.2008337,1304.06,1784.831725,881.6157393,4.17E+03,1.42E+03,1.27E+03,1408.48,2625.272086,663.1682902,2.96E+04,8.79E+02,2.59E+02,1.54E+04,7.22E+02,2.62E+02,1.15E+04,5.35E+02,1.95E+02
21:15:09,Sleep,56.88392857,-62.25892857,-322.6339286,-13332.41964,6968.089286,-4519.651786,773.1354641,704.5365833,451.5877095,579.4622334,557.7546613,491.1557928,146.46,141.4100366,292.5749443,136.02,208.7556689,310.6019671,526.34,397.8852025,221.2130521,2.54E+04,2.30E+02,1.42E+02,1.35E+04,1.64E+02,1.34E+02,8.46E+03,1.29E+02,1.46E+02
21:15:10,Sleep,-117.9122807,-84.36842105,55.54385965,-13564.76316,6452.298246,-4608.833333,744.8197806,561.6840869,274.7820098,379.9741096,316.6085473,327.4675669,260.46,453.0346052,412.4313244,179.72,404.7084984,377.8508449,81.2,430.6100746,263.1657031,3.54E+04,1.09E+02,3.62E+02,1.69E+04,3.98E+02,1.53E+02,1.22E+04,5.05E+02,3.40E+02
21:15:11,Sleep,145.4684685,-104.5585586,140.3153153,-13646.35135,6210.747748,-4669.009009,751.8321479,581.1701157,552.7430108,393.6725831,300.4044385,321.4795482,324.92,354.3269692,524.9688234,211.48,288.2634791,362.5871843,290.78,700.1437583,165.1938832,3.03E+04,2.25E+02,1.74E+02,1.38E+04,1.90E+02,4.63E+01,1.04E+04,2.81E+02,7.13E+01
21:15:12,Sleep,-53.48245614,-190,91.78947368,-13352.57895,6392.824561,-4890.324561,536.7270237,446.7754678,293.6414789,286.0716506,305.3464374,287.295306,136.18,81.45433647,476.6292941,441,333.7272178,189.1480799,219.86,248.098932,236.5663899,3.04E+04,2.30E+02,2.93E+02,1.46E+04,3.15E+02,6.82E+01,1.12E+04,3.21E+02,9.42E+01
21:15:13,Sleep,31.8317757,66.24299065,-76.79439252,-13572.08411,6196.056075,-4754.682243,609.0613329,442.1336313,290.3655386,286.8918711,233.1487432,281.813487,47.56,261.8154066,397.6203824,132.76,271.1500681,146.2532505,160.34,195.1403641,38.635227,2.90E+04,8.44E+00,1.93E+02,1.33E+04,2.32E+02,4.78E+01,1.02E+04,2.43E+02,2.69E+01
21:15:14,Sleep,40.60526316,162.122807,46.5,-13561.07895,6182.350877,-4837.666667,627.2966528,510.2578064,223.5951323,280.3435359,252.1731033,261.2211509,125.84,198.916717,435.1477886,374.3,173.557969,379.7374884,48.64,165.5504212,232.5890277,3.09E+04,2.53E+02,1.03E+02,1.41E+04,9.83E+01,1.49E+01,1.10E+04,2.86E+02,1.56E+02
21:15:15,Sleep,-12.35714286,-20.94642857,86.98214286,-13602.41964,6159.142857,-4660.553571,422.5040297,440.1573396,307.1164636,233.1257109,271.5890462,205.9692463,4.02E+01,2.04E+02,1.80E+02,35.42,86.07124578,245.8818767,181.48,281.6624836,218.2894444,3.05E+04,1.31E+02,1.02E+02,1.38E+04,2.15E+01,1.50E+02,1.04E+04,2.15E+02,9.72E+01
21:15:16,Sleep,82.67857143,77.5625,25.30357143,-13621.08036,6131.6875,-4698.5625,452.6667572,496.2674697,255.9133031,266.9709347,314.8401863,244.7273085,165.44,239.2795624,332.8896174,150.12,242.2170653,274.2143191,74.1,218.8943034,127.4467146,3.05E+04,5.90E+01,2.60E+01,1.37E+04,1.20E+02,1.59E+02,1.05E+04,1.78E+02,1.29E+02
21:15:17,Sleep,10.02678571,-12.67857143,40.35714286,-13696.6875,6128.375,-4556.017857,430.1156027,420.8115329,241.6472694,218.8030927,274.1499598,199.6469398,39.44,299.2040123,171.8513071,10.56,174.3872885,144.1956126,79.6,170.2342142,147.6939074,3.07E+04,9.50E+01,1.66E+02,1.37E+04,1.36E+02,1.37E+02,1.02E+04,7.63E+01,1.81E+02
21:15:18,Sleep,261.297619,141.8809524,-28.80952381,-13745.83333,5982.488095,-4680.166667,528.9664116,287.0987994,194.9090907,241.7230235,285.2655704,155.8797678,435.44,141.5746208,351.6390193,223.44,15.50680269,21.20374452,44.38,76.14410799,128.6027661,2.31E+04,9.06E+01,1.42E+02,1.01E+04,1.35E+02,1.27E+02,7.87E+03,4.55E+01,7.12E+01
21:15:19,Sleep,-61.67857143,-123.8035714,123.7053571,-13717.17857,6045.535714,-4573.125,396.8529629,366.288589,182.0986585,202.9624833,209.5334555,186.0661572,123.06,242.3592625,157.2888722,276.28,191.1481681,285.5448075,279.84,144.2465496,123.9625244,3.07E+04,9.32E+01,1.14E+02,1.35E+04,1.37E+02,6.50E+01,1.02E+04,1.49E+01,1.36E+02
21:15:20,Sleep,76.64035088,11.71929825,50.46491228,-13683.62281,5908.885965,-4698.008772,510.5638238,430.8315382,258.9654427,311.00657,262.3631125,277.0539865,140.6,215.4213924,45.93985982,25.06,111.8506638,234.3264169,119.28,66.04133045,222.3694452,3.09E+04,1.32E+02,1.06E+02,1.33E+04,2.52E+02,9.05E+01,1.06E+04,1.98E+02,1.03E+02
21:15:21,Sleep,9.258928571,186.5357143,230.0089286,-13643.1875,6162.267857,-4705.446429,504.6706489,522.2473945,348.8418805,237.3264954,321.5959914,306.4745728,59.06,386.8616163,96.92991996,422.18,402.6709234,205.6011435,497.64,20.74116118,372.8867264,3.08E+04,1.78E+02,9.10E+01,1.39E+04,2.71E+02,1.25E+02,1.06E+04,3.62E+02,4.05E+01
21:15:22,Sleep,-46.10619469,491.2920354,-474.1504425,-13439.9469,6251.929204,-4699.353982,437.3920145,985.7220222,627.6700143,542.8528944,417.3572407,481.9156884,137.6,393.4168782,201.9283232,1054.98,820.2403834,624.2344976,1034.64,820.1904561,396.1109399,3.04E+04,1.76E+02,1.51E+02,1.41E+04,3.16E+02,2.63E+02,10628.48,201.1556871,50.74203084
21:15:23,Sleep,298.7264151,44.03773585,-160.9150943,-14421.00943,5217.886792,-4123.481132,1192.740083,1374.843249,834.2049665,691.5530279,565.8490851,833.7814174,651.88,390.9543415,847.6662792,146.54,1057.56963,842.6799276,383.7,742.8259104,520.9369612,3.06E+04,4.17E+02,4.57E+02,11080.32,133.9359515,91.29644711,8.73E+03,6.62E+02,3.49E+02
21:15:24,Sleep,-23.40350877,-41.07894737,750,-13908.92105,5973.561404,-4207.403509,482.1987751,829.9066068,663.524926,434.4688985,519.4998622,355.6173672,31.48,183.7467412,197.7842291,41.22,937.2374155,326.4394566,1.67E+03,9.81E+02,1.38E+02,3.15E+04,4.55E+02,2.10E+02,1.34E+04,5.12E+02,2.07E+02,9.50E+03,4.45E+02,1.66E+01
21:15:25,Sleep,-188.6306306,-240.1711712,480,-13119.09009,7181.837838,-4544.936937,653.4105201,743.8304043,453.8072078,304.0454975,382.4719251,357.6143499,451.38,443.8312158,685.7530467,583.66,709.8558293,333.4154121,1123.6,572.7723429,176.4098717,2.94E+04,1.34E+02,2.94E+02,1.61E+04,1.63E+02,2.28E+02,1.02E+04,3.02E+02,3.57E+02
21:15:26,Sleep,28.59649123,-195.8333333,18.21929825,-13275.77193,7236.201754,-4391.192982,302.9352196,419.516281,228.8473139,209.2086241,237.138516,220.6788752,81.68,91.48158142,290.1137141,428.26,246.3645087,367.206484,34.92,80.68873509,75.20096614,3.03E+04,3.30E+01,8.03E+01,1.65E+04,1.11E+02,8.50E+01,1.00E+04,2.96E+01,1.17E+02
21:15:27,Sleep,43.72897196,-29.81308411,29.68224299,-13280.85981,6957.925234,-4573.841121,174.0425328,240.6419532,145.0219631,145.8623316,216.7521278,140.9238487,86.4,78.52171623,35.88033739,66.8,187.4649896,160.2005052,63.62,141.7655129,30.14895489,2.84E+04,1.36E+02,1.05E+02,1.49E+04,1.28E+02,1.90E+02,9.80E+03,1.14E+02,1.14E+02
21:15:28,Sleep,25.99115044,-49.05309735,-15.75221239,-13388.69027,6811.380531,-4577.486726,258.1067227,280.8374861,250.6180764,181.9296901,216.0258879,167.2832347,64.44,147.0381106,61.01351025,120.04,182.6708586,183.0149599,26,299.9512707,83.16538234,3.03E+04,1.22E+02,3.61E+01,1.54E+04,2.66E+02,8.25E+01,1.03E+04,1.60E+02,4.76E+01
21:15:29,Sleep,37.19469027,58.15929204,26.71681416,-13403.79646,6799.884956,-4599.309735,533.5105076,357.3257959,211.3057394,278.8500352,227.973673,190.3887039,8.75E+01,2.11E+02,2.08E+02,123.14,228.8686242,66.22159277,58.48,241.6769789,76.89866796,3.03E+04,1.58E+02,2.67E+01,1.54E+04,2.45E+02,8.17E+01,1.04E+04,1.82E+02,9.62E+01
21:15:30,Sleep,154.4054054,-31.31531532,230.5495495,-13423.95495,6837.603604,-4649.621622,504.4052371,456.0653857,253.7528052,250.6657821,638.6146267,359.5645613,294.96,370.1963381,310.1132982,102.44,420.692488,269.4315576,504.7,111.3116592,183.0479162,2.98E+04,5.89E+01,9.39E+01,15114.7,509.8615292,251.6632093,1.03E+04,3.57E+02,1.02E+02
21:15:31,Sleep,-581.027027,1320.315315,867.3333333,-12189.36937,9137.720721,-4198.990991,4104.881266,4799.636316,2240.238349,1995.676499,2319.071892,2778.194507,1.26E+03,4.84E+03,3.31E+03,2.90E+03,4.69E+03,4.15E+03,1917.52,1978.359442,1967.672428,2.68E+04,8.59E+02,1.22E+03,2.01E+04,2.66E+03,8.49E+02,9.32E+03,3.48E+03,1.82E+03
